
-- 1. Activity (活動)---------------------------------------------------------------------

INSERT INTO Activity (aSeq, aName, activityDate, aLocation) VALUES
('A250929', '期初音樂會', '2025-09-29', 'C136 會議廳'),
('A251020', '新生茶會', '2025-10-20', 'K306 教室'),
('A260503', '群音吉他聯合活動', '2026-05-03', 'K101 綜合教室'),
('A260615', '期末成發', '2026-06-15', '學生活動中心禮堂');


-- 2.Logistic (後勤組別)---------------------------------------------------------------------

INSERT INTO Logistic (lName, Job_Desc) VALUES
('總副招', '統籌活動全體事務，協調各組'),
('主持組', '負責活動開場、串場及主持'),
('美宣組', '負責場地佈置、海報、名牌製作'),
('資訊組', '負責PPT播放、確認投影設備'),
('接待組', '負責觀眾入場簽到、體溫量測'),
('器材組', '負責架設、管理及撤場所有器材'),
('攝影組', '負責活動全程的動態錄影與靜態拍照'),
('機動組', '協助架設投影機、布幕，並支援其他組別'),
('PA', '負責控管音量平衡 (Sound Check)'),
('舞台組', '協助樂手上下台及更換器材配置');

-- 3.Equipment (器材) ---------------------------------------------------------------------

INSERT INTO Equipment (eID, eName, eLocation, Quantity, Note, lName) VALUES
('E001', '麥克風', '群音社', 8, 'SM58', '器材組'),
('E002', '麥架', '群音社', 8, '4高4低', '器材組'),
('E003', '導線(6.5)', '吉他社', 15, '3m*5, 6m*10', '器材組'),
('E004', '譜架', '吉他社', 6, NULL, '器材組'),
('E005', '高腳椅', '吉他社', 3, NULL, '器材組'),
('E006', '爵士鼓組', '群音社', 1, '含踏板、鼓椅', '器材組'),
('E007', '電吉他音箱', '群音社', 2, 'Fender Champion 40', '器材組'),
('E008', '貝斯音箱', '群音社', 1, 'Ampeg BA-108', '器材組'),
('E009', 'X架', '吉他社', 3, 'KB用', '器材組'),
('E010', 'KB (小黑)', '吉他社', 1, '含延音踏板', '器材組'),
('E011', 'KB (RD88)', '群音社', 1, '含延音踏板', '器材組'),
('E012', '投影機', 'K308', 1, '含三腳架', '機動組'),
('E013', '小蜜蜂', '群音社', 1, '收弦樂器用', '器材組'),
('E014', '麥線 (XLR)', '群音社', 10, NULL, '器材組'),
('E015', '延長線', '機動組', 4, '滾筒*2, 一般*2', '機動組');

-- 4. Student (學生)---------------------------------------------------------------------

-- 社團成員 (30人)
INSERT INTO Student (sID, sName, gender, Grade, Department, isMember, lName) VALUES
('S10001', '阿土', '男', 3, '資訊工程系', TRUE, '總副招'),
('S10002', '冰塊', '女', 2, '外國語文學系', TRUE, '總副招'),
('S10003', '隊長', '男', 3, '電機工程系', TRUE, '總副招'),
('S10004', '小花', '女', 2, '中國文學系', TRUE, '主持組'),
('S10005', '阿BUF', '男', 2, '資訊工程系', TRUE, '主持組'),
('S10006', '夏天', '女', 2, '企業管理系', TRUE, '美宣組'),
('S10007', '海豹', '女', 1, '會計系', TRUE, '美宣組'),
('S10008', '圈圈', '女', 3, '外國語文學系', TRUE, '美宣組'),
('S10009', '博士', '男', 4, '資訊工程系', TRUE, '資訊組'),
('S10010', '駭客', '男', 2, '資訊工程系', TRUE, '資訊組'),
('S10011', '公主', '女', 2, '企業管理系', TRUE, '接待組'),
('S10012', '喵喵', '女', 2, '會計系', TRUE, '接待組'),
('S10013', '小P', '女', 1, '音樂系', TRUE, '接待組'),
('S10014', '阿吉', '男', 3, '電機工程系', TRUE, '器材組'),
('S10015', '皮蛋', '男', 1, '音樂系', TRUE, '器材組'),
('S10016', '薯條', '男', 2, '資訊工程系', TRUE, '器材組'),
('S10017', '坦克', '男', 3, '電機工程系', TRUE, '器材組'),
('S10018', '麵包', '女', 2, '外國語文學系', TRUE, '攝影組'),
('S10019', '木木', '男', 3, '企業管理系', TRUE, '攝影組'),
('S10020', '閃電', '男', 1, '資訊工程系', TRUE, '攝影組'),
('S10021', '阿嘎', '男', 2, '電機工程系', TRUE, '機動組'),
('S10022', '拔辣', '男', 3, '企業管理系', TRUE, '機動組'),
('S10023', '閃靈', '女', 2, '資訊工程系', TRUE, '機動組'),
('S10024', '大P', '男', 3, '電機工程系', TRUE, 'PA'),
('S10025', '安靜', '男', 4, '資訊工程系', TRUE, 'PA'),
('S10026', '泡泡', '女', 2, '會計系', TRUE, '舞台組'),
('S10027', '阿飛', '男', 2, '企業管理系', TRUE, '舞台組'),
('S10028', '小隻', '女', 1, '中國文學系', TRUE, '舞台組'),
('S10029', '小捲', '男', 3, '電機工程系', TRUE, '器材組'),
('S10030', 'A夢', '男', 2, '資訊工程系', TRUE, 'PA');

-- 非社團成員 (50人)
INSERT INTO Student (sID, sName, gender, Grade, Department, isMember, lName) VALUES
('S10031', 'NINI', '女', 1, '外國語文學系', FALSE, NULL),
('S10032', '恩恩', '男', 2, '資訊工程系', FALSE, NULL),
('S10033', '小穎', '女', 1, '會計系', FALSE, NULL),
('S10034', '阿慈', '女', 2, '音樂系', FALSE, NULL),
('S10035', '紹紹', '男', 3, '電機工程系', FALSE, NULL),
('S10036', '家暄', '女', 1, '中國文學系', FALSE, NULL),
('S10037', '阿傑', '男', 4, '企業管理系', FALSE, NULL),
('S10038', '阿星', '男', 2, '資訊工程系', FALSE, NULL),
('S10039', '阿謝', '男', 2, '電機工程系', FALSE, NULL),
('S10040', '曾崴', '男', 1, '會計系', FALSE, NULL),
('S10041', '阿偉', '男', 3, '資訊工程系', FALSE, NULL),
('S10042', '冠甫', '男', 2, '企業管理系', FALSE, NULL),
('S10043', '亭威', '男', 2, '電機工程系', FALSE, NULL),
('S10044', '程宇', '男', 1, '資訊工程系', FALSE, NULL),
('S10045', '阿B', '女', 1, '外國語文學系', FALSE, NULL),
('S10046', '小C', '男', 2, '企業管理系', FALSE, NULL),
('S10047', '大D', '男', 3, '電機工程系', FALSE, NULL),
('S10048', 'Eason', '男', 1, '資訊工程系', FALSE, NULL),
('S10049', 'Fiona', '女', 2, '會計系', FALSE, NULL),
('S10050', 'George', '男', 4, '企業管理系', FALSE, NULL),
('S10051', '小黃', '男', 1, '電機工程系', FALSE, NULL),
('S10052', '小綠', '女', 2, '外國語文學系', FALSE, NULL),
('S10053', '小藍', '男', 3, '資訊工程系', FALSE, NULL),
('S10054', '小紫', '女', 1, '中國文學系', FALSE, NULL),
('S10055', '小黑', '男', 2, '會計系', FALSE, NULL),
('S10056', '小白', '女', 3, '音樂系', FALSE, NULL),
('S10057', '小橘', '男', 1, '企業管理系', FALSE, NULL),
('S10058', '阿灰', '男', 2, '電機工程系', FALSE, NULL),
('S10059', '阿金', '女', 4, '資訊工程系', FALSE, NULL),
('S10060', '阿銀', '男', 1, '會計系', FALSE, NULL),
('S10061', '小紅', '女', 2, '外國語文學系', FALSE, NULL),
('S10062', '老K', '男', 3, '電機工程系', FALSE, NULL),
('S10063', 'Queen', '女', 1, '企業管理系', FALSE, NULL),
('S10064', 'Jack', '男', 2, '資訊工程系', FALSE, NULL),
('S10065', 'Apple', '女', 3, '會計系', FALSE, NULL),
('S10066', 'Ben', '男', 1, '電機工程系', FALSE, NULL),
('S10067', 'Cindy', '女', 2, '外國語文學系', FALSE, NULL),
('S10068', 'David', '男', 4, '資訊工程系', FALSE, NULL),
('S10069', 'Emily', '女', 1, '中國文學系', FALSE, NULL),
('S10070', 'Frank', '男', 2, '音樂系', FALSE, NULL),
('S10071', 'Grace', '女', 3, '企業管理系', FALSE, NULL),
('S10072', 'Henry', '男', 1, '電機工程系', FALSE, NULL),
('S10073', 'Ivy', '女', 2, '會計系', FALSE, NULL),
('S10074', 'Jason', '男', 3, '資訊工程系', FALSE, NULL),
('S10075', 'Kate', '女', 1, '外國語文學系', FALSE, NULL),
('S10076', 'Leo', '男', 2, '電機工程系', FALSE, NULL),
('S10077', 'Mandy', '女', 4, '企業管理系', FALSE, NULL),
('S10078', 'Nick', '男', 1, '資訊工程系', FALSE, NULL),
('S10079', 'Olivia', '女', 2, '會計系', FALSE, NULL),
('S10080', 'Peter', '男', 3, '電機工程系', FALSE, NULL);

-- 5. Program (節目流程)---------------------------------------------------------------------

-- A250929: 期初音樂會 (7 節目)
INSERT INTO Program (aSeq, programTime, Song) VALUES
('A250929', '19:00:00', '主持人開場'),
('A250929', '19:05:00', '好的事情'),
('A250929', '19:15:00', 'Pure white'),
('A250929', '19:25:00', '我I'),
('A250929', '19:35:00', '愛我別走'),
('A250929', '19:45:00', '中場休息'),
('A250929', '19:55:00', '美人魚');

-- A251020: 新生茶會 (8 節目)
INSERT INTO Program (aSeq, programTime, Song) VALUES
('A251020', '19:00:00', '主持人開場'),
('A251020', '19:15:00', 'Pretty old man'),
('A251020', '19:20:00', '活動介紹'),
('A251020', '19:30:00', '赤伶'),
('A251020', '19:40:00', '就算我放棄了世界'),
('A251020', '19:50:00', '大合照'),
('A251020', '20:05:00', '給我你的愛'),
('A251020', '20:15:00', '透氣');

-- A260503: 群音吉他聯合活動 (7 節目)
INSERT INTO Program (aSeq, programTime, Song) VALUES
('A260503', '19:00:00', '主持人開場'),
('A260503', '19:05:00', '對不起答應不了做到你的事'),
('A260503', '19:15:00', '僕が死のうと思ったのは'),
('A260503', '19:35:00', '捲菸'),
('A260503', '19:45:00', '恆溫'),
('A260503', '20:15:00', '中場休息'),
('A260503', '20:20:00', '大海+貝克');

-- A260615: 期末成發 (6 節目)
INSERT INTO Program (aSeq, programTime, Song) VALUES
('A260615', '18:30:00', '主持人開場'),
('A260615', '18:35:00', '爛笑話'),
('A260615', '18:45:00', 'ur just horny'),
('A260615', '18:55:00', 'Best friend'),
('A260615', '19:05:00', '中場休息'),
('A260615', '19:15:00', '安九');

-- 6. StudentJoin (學生參與活動)---------------------------------------------------------------------

-- 30 個成員 * 4 場活動 = 120 筆
INSERT INTO StudentJoin (sID, aSeq) VALUES
('S10001', 'A250929'), ('S10001', 'A251020'), ('S10001', 'A260503'), ('S10001', 'A260615'),
('S10002', 'A250929'), ('S10002', 'A251020'), ('S10002', 'A260503'), ('S10002', 'A260615'),
('S10003', 'A250929'), ('S10003', 'A251020'), ('S10003', 'A260503'), ('S10003', 'A260615'),
('S10004', 'A250929'), ('S10004', 'A251020'), ('S10004', 'A260503'), ('S10004', 'A260615'),
('S10005', 'A250929'), ('S10005', 'A251020'), ('S10005', 'A260503'), ('S10005', 'A260615'),
('S10006', 'A250929'), ('S10006', 'A251020'), ('S10006', 'A260503'), ('S10006', 'A260615'),
('S10007', 'A250929'), ('S10007', 'A251020'), ('S10007', 'A260503'), ('S10007', 'A260615'),
('S10008', 'A250929'), ('S10008', 'A251020'), ('S10008', 'A260503'), ('S10008', 'A260615'),
('S10009', 'A250929'), ('S10009', 'A251020'), ('S10009', 'A260503'), ('S10009', 'A260615'),
('S10010', 'A250929'), ('S10010', 'A251020'), ('S10010', 'A260503'), ('S10010', 'A260615'),
('S10011', 'A250929'), ('S10011', 'A251020'), ('S10011', 'A260503'), ('S10011', 'A260615'),
('S10012', 'A250929'), ('S10012', 'A251020'), ('S10012', 'A260503'), ('S10012', 'A260615'),
('S10013', 'A250929'), ('S10013', 'A251020'), ('S10013', 'A260503'), ('S10013', 'A260615'),
('S10014', 'A250929'), ('S10014', 'A251020'), ('S10014', 'A260503'), ('S10014', 'A260615'),
('S10015', 'A250929'), ('S10015', 'A251020'), ('S10015', 'A260503'), ('S10015', 'A260615'),
('S10016', 'A250929'), ('S10016', 'A251020'), ('S10016', 'A260503'), ('S10016', 'A260615'),
('S10017', 'A250929'), ('S10017', 'A251020'), ('S10017', 'A260503'), ('S10017', 'A260615'),
('S10018', 'A250929'), ('S10018', 'A251020'), ('S10018', 'A260503'), ('S10018', 'A260615'),
('S10019', 'A250929'), ('S10019', 'A251020'), ('S10019', 'A260503'), ('S10019', 'A260615'),
('S10020', 'A250929'), ('S10020', 'A251020'), ('S10020', 'A260503'), ('S10020', 'A260615'),
('S10021', 'A250929'), ('S10021', 'A251020'), ('S10021', 'A260503'), ('S10021', 'A260615'),
('S10022', 'A250929'), ('S10022', 'A251020'), ('S10022', 'A260503'), ('S10022', 'A260615'),
('S10023', 'A250929'), ('S10023', 'A251020'), ('S10023', 'A260503'), ('S10023', 'A260615'),
('S10024', 'A250929'), ('S10024', 'A251020'), ('S10024', 'A260503'), ('S10024', 'A260615'),
('S10025', 'A250929'), ('S10025', 'A251020'), ('S10025', 'A260503'), ('S10025', 'A260615'),
('S10026', 'A250929'), ('S10026', 'A251020'), ('S10026', 'A260503'), ('S10026', 'A260615'),
('S10027', 'A250929'), ('S10027', 'A251020'), ('S10027', 'A260503'), ('S10027', 'A260615'),
('S10028', 'A250929'), ('S10028', 'A251020'), ('S10028', 'A260503'), ('S10028', 'A260615'),
('S10029', 'A250929'), ('S10029', 'A251020'), ('S10029', 'A260503'), ('S10029', 'A260615'),
('S10030', 'A250929'), ('S10030', 'A251020'), ('S10030', 'A260503'), ('S10030', 'A260615');

-- 非成員參與 (僅為範例，非全部50人)
INSERT INTO StudentJoin (sID, aSeq) VALUES
('S10031', 'A250929'), -- NINI 參與期初
('S10032', 'A250929'), -- 恩恩 參與期初
('S10033', 'A250929'), -- 小穎 參與期初
('S10034', 'A250929'), -- 阿慈 參與期初
('S10035', 'A250929'), -- 紹紹 參與期初
('S10036', 'A250929'), -- 家暄 參與期初
('S10038', 'A250929'), -- 阿星 參與期初
('S10040', 'A250929'), -- 曾崴 參與期初
('S10046', 'A251020'), -- 小C 參與茶會
('S10047', 'A251020'), -- 大D 參與茶會
('S10048', 'A251020'), -- Eason 參與茶會
('S10051', 'A260503'), -- 小黃 參與群吉
('S10052', 'A260503'), -- 小綠 參與群吉
('S10053', 'A260503'), -- 小藍 參與群吉
('S10070', 'A260615'), -- Frank 參與成發
('S10071', 'A260615'); -- Grace 參與成發

-- 7. StudentPerform (學生參與節目)---------------------------------------------------------------------

INSERT INTO StudentPerform (sID, aSeq, programTime) VALUES
-- A250929: 期初音樂會
-- '主持人開場' (2人)
('S10004', 'A250929', '19:00:00'), -- 小花 (主持組)
('S10005', 'A250929', '19:00:00'), -- 阿BUF (主持組)
-- '好的事情' (5人)
('S10001', 'A250929', '19:05:00'), -- 阿土 (總副招)
('S10014', 'A250929', '19:05:00'), -- 阿吉 (器材組)
('S10015', 'A250929', '19:05:00'), -- 皮蛋 (器材組)
('S10024', 'A250929', '19:05:00'), -- 大P (PA)
('S10026', 'A250929', '19:05:00'), -- 泡泡 (舞台組)
-- 'Pure white' (2人)
('S10006', 'A250929', '19:15:00'), -- 夏天 (美宣組)
('S10009', 'A250929', '19:15:00'), -- 博士 (資訊組)
-- '我I' (3人)
('S10007', 'A250929', '19:25:00'), -- 海豹 (美宣組)
('S10018', 'A250929', '19:25:00'), -- 麵包 (攝影組)
('S10021', 'A250929', '19:25:00'), -- 阿嘎 (機動組)
-- '愛我別走' (4人)
('S10002', 'A250929', '19:35:00'), -- 冰塊 (總副招)
('S10016', 'A250929', '19:35:00'), -- 薯條 (器材組)
('S10019', 'A250929', '19:35:00'), -- 木木 (攝影組)
('S10027', 'A250929', '19:35:00'), -- 阿飛 (舞台組)
-- '中場休息' (2人)
('S10004', 'A250929', '19:45:00'), -- 小花 (主持組)
('S10005', 'A250929', '19:45:00'), -- 阿BUF (主持組)
-- '美人魚' (5人)
('S10003', 'A250929', '19:55:00'), -- 隊長 (總副招)
('S10011', 'A250929', '19:55:00'), -- 公主 (接待組)
('S10017', 'A250929', '19:55:00'), -- 坦克 (器材組)
('S10022', 'A250929', '19:55:00'), -- 拔辣 (機動組)
('S10030', 'A250929', '19:55:00'), -- A夢 (PA)

-- A251020: 新生茶會
-- '主持人開場' (2人)
('S10004', 'A251020', '19:00:00'), -- 小花 (主持組)
('S10005', 'A251020', '19:00:00'), -- 阿BUF (主持組)
-- 'Pretty old man' (6人)
('S10001', 'A251020', '19:15:00'), -- 阿土 (總副招)
('S10008', 'A251020', '19:15:00'), -- 圈圈 (美宣組)
('S10013', 'A251020', '19:15:00'), -- 小P (接待組)
('S10015', 'A251020', '19:15:00'), -- 皮蛋 (器材組)
('S10023', 'A251020', '19:15:00'), -- 閃靈 (機動組)
('S10029', 'A251020', '19:15:00'), -- 小捲 (器材組)
-- '活動介紹' (2人)
('S10001', 'A251020', '19:20:00'), -- 阿土 (總副招)
('S10002', 'A251020', '19:20:00'), -- 冰塊 (總副招)
-- '赤伶' (4人)
('S10010', 'A251020', '19:30:00'), -- 駭客 (資訊組)
('S10012', 'A251020', '19:30:00'), -- 喵喵 (接待組)
('S10020', 'A251020', '19:30:00'), -- 閃電 (攝影組)
('S10028', 'A251020', '19:30:00'), -- 小隻 (舞台組)
-- '就算我放棄了世界' (2人)
('S10014', 'A251020', '19:40:00'), -- 阿吉 (器材組)
('S10025', 'A251020', '19:40:00'), -- 安靜 (PA)
-- '大合照' (4人)
('S10001', 'A251020', '19:50:00'), -- 阿土 (總副招)
('S10002', 'A251020', '19:50:00'), -- 冰塊 (總副招)
('S10004', 'A251020', '19:50:00'), -- 小花 (主持組)
('S10005', 'A251020', '19:50:00'), -- 阿BUF (主持組)
-- '給我你的愛' (5人)
('S10003', 'A251020', '20:05:00'), -- 隊長 (總副招)
('S10006', 'A251020', '20:05:00'), -- 夏天 (美宣組)
('S10016', 'A251020', '20:05:00'), -- 薯條 (器材組)
('S10026', 'A251020', '20:05:00'), -- 泡泡 (舞台組)
('S10027', 'A251020', '20:05:00'), -- 阿飛 (舞台組)
-- '透氣' (3人)
('S10009', 'A251020', '20:15:00'), -- 博士 (資訊組)
('S10019', 'A251020', '20:15:00'), -- 木木 (攝影組)
('S10021', 'A251020', '20:15:00'), -- 阿嘎 (機動組)

-- A260503: 群音吉他聯合活動
-- '主持人開場' (2人)
('S10004', 'A260503', '19:00:00'), -- 小花 (主持組)
('S10005', 'A260503', '19:00:00'), -- 阿BUF (主持組)
-- '對不起答應不了做到你的事' (6人)
('S10001', 'A260503', '19:05:00'), -- 阿土 (總副招)
('S10002', 'A260503', '19:05:00'), -- 冰塊 (總副招)
('S10003', 'A260503', '19:05:00'), -- 隊長 (總副招)
('S10014', 'A260503', '19:05:00'), -- 阿吉 (器材組)
('S10015', 'A260503', '19:05:00'), -- 皮蛋 (器材組)
('S10016', 'A260503', '19:05:00'), -- 薯條 (器材組)
-- '僕が死のうと思ったのは' (3人)
('S10018', 'A260503', '19:15:00'), -- 麵包 (攝影組)
('S10024', 'A260503', '19:15:00'), -- 大P (PA)
('S10028', 'A260503', '19:15:00'), -- 小隻 (舞台組)
-- '捲菸' (5人)
('S10007', 'A260503', '19:35:00'), -- 海豹 (美宣組)
('S10010', 'A260503', '19:35:00'), -- 駭客 (資訊組)
('S10017', 'A260503', '19:35:00'), -- 坦克 (器材組)
('S10022', 'A260503', '19:35:00'), -- 拔辣 (機動組)
('S10025', 'A260503', '19:35:00'), -- 安靜 (PA)
-- '恆溫' (2人)
('S10006', 'A260503', '19:45:00'), -- 夏天 (美宣組)
('S10023', 'A260503', '19:45:00'), -- 閃靈 (機動組)
-- '中場休息' (2人)
('S10004', 'A260503', '20:15:00'), -- 小花 (主持組)
('S10005', 'A260503', '20:15:00'), -- 阿BUF (主持組)
-- '大海+貝克' (2人)
('S10011', 'A260503', '20:20:00'), -- 公主 (接待組)
('S10020', 'A260503', '20:20:00'), -- 閃電 (攝影組)

-- A260615: 期末成發
-- '主持人開場' (2人)
('S10004', 'A260615', '18:30:00'), -- 小花 (主持組)
('S10005', 'A260615', '18:30:00'), -- 阿BUF (主持組)
-- '爛笑話' (5人)
('S10001', 'A260615', '18:35:00'), -- 阿土 (總副招)
('S10003', 'A260615', '18:35:00'), -- 隊長 (總副招)
('S10009', 'A260615', '18:35:00'), -- 博士 (資訊組)
('S10017', 'A260615', '18:35:00'), -- 坦克 (器材組)
('S10029', 'A260615', '18:35:00'), -- 小捲 (器材組)
-- 'ur just horny' (4人)
('S10008', 'A260615', '18:45:00'), -- 圈圈 (美宣組)
('S10012', 'A260615', '18:45:00'), -- 喵喵 (接待組)
('S10021', 'A260615', '18:45:00'), -- 阿嘎 (機動組)
('S10026', 'A260615', '18:45:00'), -- 泡泡 (舞台組)
-- 'Best friend' (2人)
('S10013', 'A260615', '18:55:00'), -- 小P (接待組)
('S10023', 'A260615', '18:55:00'), -- 閃靈 (機動組)
-- '中場休息' (2人)
('S10004', 'A260615', '19:05:00'), -- 小花 (主持組)
('S10005', 'A260615', '19:05:00'), -- 阿BUF (主持組)
-- '安九' (6人)
('S10002', 'A260615', '19:15:00'), -- 冰塊 (總副招)
('S10010', 'A260615', '19:15:00'), -- 駭客 (資訊組)
('S10016', 'A260615', '19:15:00'), -- 薯條 (器材組)
('S10020', 'A260615', '19:15:00'), -- 閃電 (攝影組)
('S10025', 'A260615', '19:15:00'), -- 安靜 (PA)
('S10030', 'A260615', '19:15:00'); -- A夢 (PA)

-- 8. Use (節目使用器材)---------------------------------------------------------------------

INSERT INTO EquipmentUse (eID, aSeq, programTime) VALUES
-- A250929: 期初音樂會
-- '主持人開場'
('E001', 'A250929', '19:00:00'), -- 麥克風
('E002', 'A250929', '19:00:00'), -- 麥架
('E012', 'A250929', '19:00:00'), -- 投影機
-- '好的事情' (Full Band)
('E001', 'A250929', '19:05:00'), -- 麥克風
('E003', 'A250929', '19:05:00'), -- 導線
('E006', 'A250929', '19:05:00'), -- 爵士鼓組
('E008', 'A250929', '19:05:00'), -- 貝斯音箱
('E010', 'A250929', '19:05:00'), -- KB (小黑)
-- 'Pure white' (Piano)
('E003', 'A250929', '19:15:00'), -- 導線
('E009', 'A250929', '19:15:00'), -- X架
('E011', 'A250929', '19:15:00'), -- KB (RD88)
-- '我I' (Acoustic)
('E001', 'A250929', '19:25:00'), -- 麥克風
('E002', 'A250929', '19:25:00'), -- 麥架
('E003', 'A250929', '19:25:00'), -- 導線
('E005', 'A250929', '19:25:00'), -- 高腳椅
-- '愛我別走' (Band)
('E001', 'A250929', '19:35:00'), -- 麥克風
('E003', 'A250929', '19:35:00'), -- 導線
('E006', 'A250929', '19:35:00'), -- 爵士鼓組
('E015', 'A250929', '19:35:00'), -- 延長線
-- '中場休息'
('E001', 'A250929', '19:45:00'), -- 麥克風
('E012', 'A250929', '19:45:00'), -- 投影機
('E015', 'A250929', '19:45:00'), -- 延長線
-- '美人魚' (Full Band)
('E001', 'A250929', '19:55:00'), -- 麥克風
('E003', 'A250929', '19:55:00'), -- 導線
('E006', 'A250929', '19:55:00'), -- 爵士鼓組
('E008', 'A250929', '19:55:00'), -- 貝斯音箱
('E010', 'A250929', '19:55:00'), -- KB (小黑)

-- A251020: 新生茶會
-- '主持人開場'
('E001', 'A251020', '19:00:00'), -- 麥克風
('E002', 'A251020', '19:00:00'), -- 麥架
('E014', 'A251020', '19:00:00'), -- 麥線 (XLR)
-- 'Pretty old man'
('E001', 'A251020', '19:15:00'), -- 麥克風
('E003', 'A251020', '19:15:00'), -- 導線
('E007', 'A251020', '19:15:00'), -- 電吉他音箱
('E013', 'A251020', '19:15:00'), -- 小蜜蜂 (for 二胡)
-- '活動介紹'
('E001', 'A251020', '19:20:00'), -- 麥克風
('E012', 'A251020', '19:20:00'), -- 投影機
('E015', 'A251020', '19:20:00'), -- 延長線
-- '赤伶'
('E001', 'A251020', '19:30:00'), -- 麥克風
('E002', 'A251020', '19:30:00'), -- 麥架
('E003', 'A251020', '19:30:00'), -- 導線
('E004', 'A251020', '19:30:00'), -- 譜架
-- '就算我放棄了世界' (Vocal+Piano)
('E001', 'A251020', '19:40:00'), -- 麥克風
('E005', 'A251020', '19:40:00'), -- 高腳椅
('E009', 'A251020', '19:40:00'), -- X架
('E010', 'A251020', '19:40:00'), -- KB (小黑)
-- '大合照'
('E001', 'A251020', '19:50:00'), -- 麥克風 (指揮用)
('E012', 'A251020', '19:50:00'), -- 投影機 (放背景)
('E014', 'A251020', '19:50:00'), -- 麥線 (XLR)
-- '給我你的愛' (Band)
('E001', 'A251020', '20:05:00'), -- 麥克風
('E003', 'A251020', '20:05:00'), -- 導線
('E007', 'A251020', '20:05:00'), -- 電吉他音箱
('E008', 'A251020', '20:05:00'), -- 貝斯音箱
('E010', 'A251020', '20:05:00'), -- KB (小黑)
-- '透氣' (Acoustic)
('E001', 'A251020', '20:15:00'), -- 麥克風
('E002', 'A251020', '20:15:00'), -- 麥架
('E004', 'A251020', '20:15:00'), -- 譜架

-- A260503: 群音吉他聯合活動
-- '主持人開場'
('E001', 'A260503', '19:00:00'), -- 麥克風
('E002', 'A260503', '19:00:00'), -- 麥架
('E012', 'A260503', '19:00:00'), -- 投影機
-- '對不起答應不了做到你的事' (Band)
('E001', 'A260503', '19:05:00'), -- 麥克風
('E003', 'A260503', '19:05:00'), -- 導線
('E004', 'A260503', '19:05:00'), -- 譜架
('E009', 'A260503', '19:05:00'), -- X架
('E010', 'A260503', '19:05:00'), -- KB (小黑)
-- '僕が死のうと思ったのは' (Acoustic + Violin)
('E001', 'A260503', '19:15:00'), -- 麥克風
('E003', 'A260503', '19:15:00'), -- 導線
('E005', 'A260503', '19:15:00'), -- 高腳椅
('E013', 'A260503', '19:15:00'), -- 小蜜蜂 (for 小提琴)
-- '捲菸' (Full Band)
('E001', 'A260503', '19:35:00'), -- 麥克風
('E003', 'A260503', '19:35:00'), -- 導線
('E006', 'A260503', '19:35:00'), -- 爵士鼓組
('E007', 'A260503', '19:35:00'), -- 電吉他音箱
('E008', 'A260503', '19:35:00'), -- 貝斯音箱
-- '恆溫' (Acoustic)
('E001', 'A260503', '19:45:00'), -- 麥克風
('E003', 'A260503', '19:45:00'), -- 導線
('E005', 'A260503', '19:45:00'), -- 高腳椅
-- '中場休息'
('E001', 'A260503', '20:15:00'), -- 麥克風
('E012', 'A260503', '20:15:00'), -- 投影機
('E015', 'A260503', '20:15:00'), -- 延長線
-- '大海+貝克' (Acoustic)
('E001', 'A260503', '20:20:00'), -- 麥克風
('E002', 'A260503', '20:20:00'), -- 麥架
('E003', 'A260503', '20:20:00'), -- 導線
('E004', 'A260503', '20:20:00'), -- 譜架

-- A260615: 期末成發
-- '主持人開場'
('E001', 'A260615', '18:30:00'), -- 麥克風
('E002', 'A260615', '18:30:00'), -- 麥架
('E014', 'A260615', '18:30:00'), -- 麥線 (XLR)
-- '爛笑話' (Full Band)
('E001', 'A260615', '18:35:00'), -- 麥克風
('E003', 'A260615', '18:35:00'), -- 導線
('E006', 'A260615', '18:35:00'), -- 爵士鼓組
('E007', 'A260615', '18:35:00'), -- 電吉他音箱
('E008', 'A260615', '18:35:00'), -- 貝斯音箱
-- 'ur just horny' (Band)
('E001', 'A260615', '18:45:00'), -- 麥克風
('E003', 'A260615', '18:45:00'), -- 導線
('E004', 'A260615', '18:45:00'), -- 譜架
('E006', 'A260615', '18:45:00'), -- 爵士鼓組
('E008', 'A260615', '18:45:00'), -- 貝斯音箱
-- 'Best friend' (Acoustic)
('E001', 'A260615', '18:55:00'), -- 麥克風
('E002', 'A260615', '18:55:00'), -- 麥架
('E003', 'A260615', '18:55:00'), -- 導線
('E005', 'A260615', '18:55:00'), -- 高腳椅
-- '中場休息'
('E001', 'A260615', '19:05:00'), -- 麥克風
('E012', 'A260615', '19:05:00'), -- 投影機
('E015', 'A260615', '19:05:00'), -- 延長線
-- '安九' (Band + KB)
('E001', 'A260615', '19:15:00'), -- 麥克風
('E003', 'A260615', '19:15:00'), -- 導線
('E006', 'A260615', '19:15:00'), -- 爵士鼓組
('E010', 'A260615', '19:15:00'), -- KB (小黑)
('E011', 'A260615', '19:15:00'); -- KB (RD88)